Date,Steps,Sleep_Hours,Heart_Rate_bpm,Calories_Burned,Active_Minutes
2026-01-01,9245.071229516849,6.798779528114164,69.95845255097682,2558.774651944201,163.21883851304582
2026-01-02,8292.603548243223,,58.21627222384968,3017.363540852142,121.86714914675318
2026-01-03,9471.53280715104,7.212592400781795,72.08252755714472,1899.774861720941,118.22937356160989
2026-01-04,10784.544784612037,7.297676098548832,50.9741639576216,2156.023682309013,30.664326489710394
2026-01-05,8148.769937914996,6.426990216144533,78.29155637325644,4167.912295101232,102.94528351123265
2026-01-06,8148.794564576229,7.224510174258943,72.72597482413043,4116.284871446509,44.02704013072666
2026-01-07,10868.819223261087,7.69799829124545,70.56029734313876,1811.855954242583,137.9894029954377
2026-01-08,9651.152093729363,8.651143607795042,77.82690983945514,4084.3482850157734,101.95550733002791
2026-01-09,7795.788421097572,8.159270826085207,84.65474444462576,3333.887850757201,128.83644467333653
2026-01-10,9313.840065378947,9.353182457511556,78.1437006501813,3883.0039068480532,26.667664096381483
2026-01-11,7804.873460781307,6.432652437111951,49.59125768668355,2891.375653521262,33.56672256732851
2026-01-12,7801.405369644614,8.07232063672068,55.204230332642986,3037.4304685902007,134.61174209002917
2026-01-13,,7.383342005738352,61.75181422304321,2973.2317926166083,31.53349375978774
2026-01-14,5630.0796330133035,9.389802933217673,68.26091050210833,3400.4742181106503,31.401076442441376
2026-01-15,5912.6232512304505,6.3917017146448485,73.17659020469122,2135.163011415151,21.937356037581992
2026-01-16,7656.568706138541,6.3602781578192245,60.742561868465344,1871.936615694427,173.0402237279168
2026-01-17,6980.753319498364,6.600607354555978,69.86766764477078,2539.0318598188583,138.00133751344111
2026-01-18,8971.370998892911,5.076104275690193,60.44617067646678,3491.2338305679523,76.52022536033027
2026-01-19,7137.963886718184,6.674244978319239,61.884821970080516,2284.4482850950762,67.44569300602484
2026-01-20,6381.544447997063,6.440867338446302,53.93338903151778,3416.2378399798017,75.95251675933594
2026-01-21,10698.47315338233,7.350393786476208,58.76766753889096,4127.788910657449,143.9445649889891
2026-01-22,8161.335549270197,7.54175597577716,54.48315394383666,2025.3617178946042,125.8192977712663
2026-01-23,8601.292307031887,9.076170839215887,58.241267470226674,3414.245083740303,49.63129085879487
2026-01-24,6362.877720679815,8.15042383818605,78.5364179660784,2865.000526330971,47.857493653453496
2026-01-25,7683.425913212226,6.623096344337597,58.50601111168057,3883.5414105060127,35.74330395414357
2026-01-26,8666.383884564799,6.301585328651642,94.32382064837391,2225.159494673726,
2026-01-27,6773.509633866546,7.691919171506506,72.93317900880889,3462.3022853427947,142.29962595547775
2026-01-28,9063.547027518507,5.879766792979358,69.84836123694873,3811.4766951554648,62.407428532000644
2026-01-29,7599.041965121793,9.031458765854353,59.41642219818787,4067.0741267376557,23.35119376494605
2026-01-30,8062.459375310085,8.379440120721288,,3439.7952678951497,33.14746679622837
2026-01-31,7597.440081655905,6.730824347895295,,,174.85760557520487
2026-02-01,11278.417276763406,5.486865470909123,69.22009814645361,3282.833376482913,67.27116439638723
2026-02-02,8479.7541628931,8.553872374165413,93.60084538268795,3885.3719627489236,143.07570365410137
2026-02-03,6913.433606566149,7.085460154747382,67.03940100275351,3169.463391933191,
2026-02-04,9733.817368154783,8.437816311973462,79.49273326285676,1872.9289432724086,81.11034234446335
2026-02-05,6668.734525043466,5.605572341205633,60.96823574874112,4034.2768692167465,52.90996195128882
2026-02-06,8813.295392507132,6.600624977046227,67.65011509503039,3454.8642024757464,39.42182690550503
2026-02-07,5560.494814180336,7.205243699718183,85.7080063563551,3423.6321258653916,118.40207488621866
2026-02-08,6507.720926652354,7.246980593764742,61.730329422122324,2317.620365754521,143.9414049020461
2026-02-09,8795.291853803685,6.749934528520757,86.12448557996929,3381.3251285583774,123.02468056658091
2026-02-10,9607.699869993115,7.8228499323474985,75.07751935455475,2745.2745735699805,
2026-02-11,,6.132379570617406,62.37533224105732,3362.9591448995807,
2026-02-12,8326.527576417639,7.057620514978707,74.3240773905552,2055.823272739178,174.95820441510142
2026-02-13,,7.3202956317118995,77.7255444962673,,147.79427066473193
2026-02-14,6282.217014448859,7.7144388340587495,74.21809962217196,4198.5929418496,66.85152587215435
2026-02-15,7420.233687407937,7.91161487808889,52.297752801095434,1915.7088932653344,176.79525269741612
2026-02-16,7809.041843560319,6.075357908162131,60.728628241751316,4145.218042131161,116.30105434181154
2026-02-17,10085.683339328374,5.6658858292643774,65.52481364448495,2776.5791057348897,113.18762531315943
2026-02-18,9015.427434352692,8.477676821898509,67.25566570899954,3889.808280809422,139.69170870872514
2026-02-19,5855.439766955898,7.532314011979592,74.20672097550678,3677.725161739856,149.883166094422
2026-02-20,8986.125954092193,6.451513463443447,69.77701000933254,3160.839026368003,125.03657717304043
2026-02-21,7922.376579375526,8.751151975522523,54.64655641289899,3572.2781022031836,40.495319418592004
2026-02-22,,7.315674634292859,71.80197851005963,3908.4373471232348,74.12280095911974
2026-02-23,9417.514433261302,8.379297184063827,74.10585745283824,2769.9367719624793,168.49338245216796
2026-02-24,10046.499283743926,7.267518481410109,73.5979044793104,2584.8795877517728,55.93849789501631
2026-02-25,9896.920178674298,9.260747924881986,78.80780725554622,3402.2241253526036,79.54672381400214
2026-02-26,7241.173715166042,8.955340842443205,76.33922154548904,3738.8302606590205,89.13230127107136
2026-02-27,8036.181436223178,6.951035851520927,72.59180079228437,3629.484323463878,90.30479835111235
2026-02-28,8996.895147105346,8.171570950954356,67.29834288541353,3714.752757260723,118.07033319912408
2026-03-01,9963.31769068354,7.845375949585148,51.39039066484008,2845.399955551039,170.8921340391532
2026-03-02,7781.238643232065,8.568631557532349,72.29618219132585,3762.802118820052,58.5108338932008
2026-03-03,8221.511535004274,6.235076539419896,70.07687687163111,2088.50173288946,39.44022020814689
2026-03-04,6840.497538990958,7.8860514599984395,70.71578837195374,3106.773835106039,51.59527837758997
2026-03-05,6705.690063878994,8.258424486849588,55.232514241796906,1813.8207851954917,161.90798403348313
2026-03-06,9718.788733591296,5.441260513576886,57.189434595917376,2579.0059917606486,123.32973002483297
2026-03-07,10534.360042856235,6.016741487334225,78.53152853332904,2679.507683691355,65.74508627826562
2026-03-08,8391.9848176295,5.160767822239899,67.60444846143345,2750.814459862213,150.55151023497876
2026-03-09,10005.299346838035,6.930593165555442,74.81500697372624,3469.1212960556695,157.81919941814976
2026-03-10,9042.454037571451,7.917542255795962,68.28318376130461,2732.5394430488295,155.4422941904445
2026-03-11,7532.320368092313,8.702357052096028,68.29756139495746,2876.8646942940736,167.02824538232872
2026-03-12,,7.274094780419776,77.38283805975998,2370.105914098386,60.358563227737854
2026-03-13,10807.054849698954,8.828615545571292,,,140.80670859940454
2026-03-14,8446.260941335073,5.819898541785109,68.96120776940984,2345.4471054315636,93.6863195638624
2026-03-15,10846.96548372101,5.496617560644846,63.377247112949576,1975.6702170442647,154.71976846240983
2026-03-16,4570.3823438653835,7.144452301103382,63.65503772567684,3248.2766241153067,136.55850834585812
2026-03-17,9732.853756562836,7.584065448939308,64.90827876531361,3403.710716532039,144.23159143995593
2026-03-18,8630.570602357257,7.1673052519059075,70.22133771633713,3286.776830423075,124.98589402897144
2026-03-19,,5.132557899960124,63.212513783365225,2912.3857051213736,48.3886031151531
2026-03-20,,7.110879960487212,80.55756125573521,2711.4858724301516,107.20430702351013
2026-03-21,,5.8955304994951465,59.05392697780496,3872.0007589723805,177.5471583239213
2026-03-22,8170.4921682437325,7.869672548830039,66.13128355838641,3045.7962843269233,169.98209063953902
2026-03-23,9035.66885726762,7.566598246096849,63.60268941725825,2950.036506311354,26.907797727521867
2026-03-24,10716.841067112275,6.260120213672645,82.46977884353733,1861.5409579354457,46.37037051670994
2026-03-25,7722.594672589529,,69.96554776511574,2618.994786302775,41.07660375272991
2026-03-26,7287.259595660218,,78.31844539468635,2712.469485086057,136.15678559764729
2026-03-27,7747.364434623195,7.137320902726828,53.14439626963028,2757.1746741525612,150.8456527771112
2026-03-28,9873.103176553112,8.155142320501238,70.67050265869258,3192.4136861455972,54.16181860970751
2026-03-29,8993.126664489526,6.214273953664456,76.89630795623437,3080.646112144508,100.93643087229265
2026-03-30,7705.359694349442,7.704046515517844,68.82283989275425,3258.972222704267,154.512484481792
2026-03-31,9269.901149670033,6.669742381627559,78.65480375065351,3635.7198277011075,137.24824716260008
2026-04-01,8645.616324022061,6.407127167737656,62.82711549899628,3751.1657729186245,106.75795287869573
2026-04-02,9952.967485799334,7.0929696400454425,82.0934744018558,3523.4953829435863,114.45563047340366
2026-04-03,7446.920359183971,6.164757677580626,90.9889812361925,4093.2568702918434,101.3376875066048
2026-04-04,8008.506780103347,6.646350694652818,64.37161439560342,1843.758198423268,67.60775221101129
2026-04-05,,,63.54497478599228,2269.8671656405104,110.40351885744258
2026-04-06,6304.727577801822,9.16472513291639,82.533844771177,1818.1508999475411,130.2216483280145
2026-04-07,8944.180415596864,7.2352635519717285,83.79572145730712,3353.9393139710473,159.73166653772924
2026-04-08,,6.5002744920074145,62.771399728467316,3955.2733174799687,121.80661663667969
2026-04-09,8507.670184963692,7.413979910734223,63.798131829041424,2384.3575117831183,141.77944592690528
2026-04-10,8148.11929993728,7.08767195030917,65.18215391139493,4024.882907511136,45.61146159273168
2026-04-11,6376.943886924379,6.979030400466777,54.555494889657226,1944.641736694946,93.84919590716638
2026-04-12,7869.032015851962,7.814166700043425,58.81348053515802,4042.6464643332342,21.493059172334927
2026-04-13,7985.928225209846,7.957507710047305,57.95859233247932,,59.46861832345968
2026-04-14,7296.584096167571,6.669498852389473,60.32202434895871,2043.4099882781197,136.23387441808077
2026-04-15,8258.071432500987,6.62418175935532,67.65315112613219,2966.0922220471816,178.68959221589816
2026-04-16,9106.076285221807,6.924948302848356,70.3421473253652,2416.263762529219,35.86849593395455
2026-04-17,11329.278851815796,4.898078835264416,83.50500492814076,2483.694964708615,84.23909053780612
2026-04-18,8761.866719247759,5.6848089378014475,58.016459592612094,2537.4959158230877,148.01135499186552
2026-04-19,8886.325586084147,8.566874267444526,77.84322398476584,3727.262154798392,52.64570154062382
2026-04-20,8388.33112635075,8.844967713501283,65.86011155774491,3093.987064020611,108.8135918883658
2026-04-21,5621.843177051438,6.950963960443622,67.50536290347567,2547.1384779744085,137.29140736474795
2026-04-22,8460.229186826175,,74.74819492166604,3264.801079946204,118.55767204162865
2026-04-23,8590.34531491154,7.511250154543537,,3518.7616181356643,50.08395753846658
2026-04-24,12194.86316872793,9.5,71.82409746184051,2454.297601760481,76.8615309897183
2026-04-25,8211.458552828317,8.319574911434577,69.66452208213056,2792.5178436608435,145.40668551766356
2026-04-26,8952.32101350042,7.0720824085192335,72.92451264008149,2092.526624008674,108.67624226112267
2026-04-27,8447.932345442136,6.244459559399575,,,20.836738166866038
2026-04-28,6746.9829435707015,5.593553679742428,92.55300139910895,3434.682849515959,141.758521604495
2026-04-29,10214.23422177253,7.403463635867223,61.62260015748684,,25.64981679043825
2026-04-30,9627.89954903016,6.443649254715697,62.690030449981826,3060.392120800944,139.31740523699716
2026-05-01,9686.54792056457,5.777746290402326,61.76859473575236,3501.711028133838,52.39688962643798
2026-05-02,7135.918817807891,6.553427115757474,62.44522880839745,2056.504615427385,173.29175681910084
2026-05-03,10604.191466404149,6.118451996385605,61.62612872693482,3161.5493271093683,78.87052020833352
2026-05-04,6397.223405811579,8.887141635072565,79.89016531107552,2415.750680883273,72.30905861409266
2026-05-05,9380.285640700406,8.08163975694945,82.20504247989855,4111.024500570191,43.82208805319115
2026-05-06,11785.683438714968,7.192027358683383,62.29253706250524,2960.509552127819,68.89667447843438
2026-05-07,7014.195512303968,8.679944138890026,59.67644426895771,3734.3821194603797,160.2641218925121
2026-05-08,7650.553405595842,7.2773683076476186,72.71415556386404,3120.543701175028,179.41349402035956
2026-05-09,8649.477047631462,6.338715798671736,62.477769557190285,1904.1900788515659,78.92952488109573
2026-05-10,7744.786518825701,8.723124077269658,74.32931817755511,,91.7777009527268
2026-05-11,6174.004853400801,7.738910043684659,,4083.3680212959766,135.53135011243793
2026-05-12,8602.844462209041,6.162753845673544,52.84255885002768,3243.868368351195,161.7913248744119
2026-05-13,6906.544429410843,7.009661321916392,83.47505201330061,3766.0532626242966,114.88709346988546
2026-05-14,9210.388645952773,6.324381746615243,85.95877673095522,3922.0955120361787,82.6441117084527
2026-05-15,7120.863648649295,5.817200269035665,61.87211309515614,2347.391452677438,86.0194945357798
2026-05-16,10824.90160752631,8.126177547531642,,2308.907615779744,131.2989034394891
2026-05-17,7325.120061495644,9.10941664047013,70.85865390724905,,20.51492217668459
2026-05-18,8016.907725691487,5.801432426180859,71.34456789987026,2786.4683275360912,119.13429399357452
2026-05-19,9720.275826054505,7.762969236690571,74.5854427267283,3815.6671268801288,76.87888167061718
2026-05-20,6653.703525349067,6.549357430878173,88.1020453876635,3960.0554961552266,
2026-05-21,8841.189901906195,6.712874616235304,66.2305277250595,2648.2113103265237,34.878502371701146
2026-05-22,10460.714131423641,6.607606075761131,60.01702755461546,2368.489341538757,114.11236271174248
2026-05-23,6088.775148158158,6.336009230320184,54.20680771985473,3673.2612365852683,96.9556623817798
2026-05-24,8776.950787798456,7.248521627944827,60.69069960058081,2459.5344853155266,122.77208414483638
2026-05-25,8889.824191372636,6.369049883588962,67.66873027126204,3774.2743644328284,30.376575117274935
2026-05-26,9672.734307665965,,85.94557863517788,2816.971808757031,112.797405988501
2026-05-27,6644.573933682877,7.149761890550863,62.823887009638284,3402.119758299529,109.8375340735238
2026-05-28,6519.315080373585,,70.23787951638899,2029.2847532032035,109.70561510658735
2026-05-29,9282.912348425347,6.292436337958402,67.83577103927247,3297.2623792237755,116.55802665543277
2026-05-30,8945.47700984978,,79.88393273448084,2884.24242896935,128.23486995621795
2026-05-31,8875.739275518816,7.955391225825756,93.26932425873622,3207.860311621138,148.79823994892317
2026-06-01,,7.7009171876243805,62.69131227079679,2203.234098587672,63.171315220514295
2026-06-02,7479.962917632264,6.222444755201449,63.10560557481778,3568.4969878660368,152.00790562880994
2026-06-03,8848.380545741506,7.299332305429226,78.44160877069072,3870.7129861037483,99.72090916215258
2026-06-04,8939.608709948021,7.95138712337179,74.81891489626311,2320.1755202178615,32.32932466149299
2026-06-05,7428.4728729604485,,86.46707325736034,2029.7149332483882,29.368148679036672
2026-06-06,11298.661766717134,,73.83928185325964,1856.7326065112075,73.47813099136972
2026-06-07,9210.749381367681,6.537376241054154,64.40707909212941,3340.7316010638388,145.5835163378348
2026-06-08,6713.0447541960275,7.770598668593159,73.9065483069231,3257.025686613074,133.2289495585465
2026-06-09,9484.830412950745,6.436740843457484,79.08703580582907,3112.073790513768,146.17839434758503
2026-06-10,7037.977494659018,5.395117899335482,76.20482181197364,2356.673030678341,
2026-06-11,9680.626905613677,5.5724575621168375,73.07274031107298,2738.174390173235,90.43183967287848
2026-06-12,10237.893368511106,7.248084946661383,78.66674689589154,3226.743204446815,43.59240427300543
2026-06-13,7268.976522472434,7.459722501721482,79.69295590445672,2992.2404612620066,72.51084057748984
2026-06-14,9945.064193866483,6.295683374895591,81.82158991037527,4170.68524851573,89.44309858782005
2026-06-15,9119.171390404748,7.838592458777374,74.48709887589642,2127.4554061361596,34.17606874873876
2026-06-16,9733.090239991736,5.53847993773104,66.32881919683146,3468.346929714225,55.2979124337938
2026-06-17,11345.189473980921,7.133920201352684,69.46713686433323,2770.365043450301,115.71604705019821
2026-06-18,8131.917825995694,5.988983800237543,80.06508966508358,2827.6790758214756,137.70609827827036
2026-06-19,7369.395753463766,6.548163892197841,59.83064329012764,3522.2346375796233,179.73560182287196
2026-06-20,7165.728355561715,7.2473986713164145,71.68673308872901,3461.846763178487,169.29813301496924
2026-06-21,7276.284572551843,6.339586634716047,64.0666118767264,,122.81043192563064
2026-06-22,8384.347435878844,6.815444455770175,68.28744822934817,2108.1462946899005,87.39968852705152
2026-06-23,9011.727962224966,8.20629280921444,80.78451862607298,2049.863158521999,121.78837835331723
2026-06-24,8915.036198995029,6.623108130476852,69.91099068019903,3538.413161108979,145.70425889283712
2026-06-25,9740.774873554035,8.035692112065142,68.46436548156149,3188.128600815382,
2026-06-26,8519.50283781686,6.070293145342382,54.40143859020081,2457.9855997435343,85.58478235140612
2026-06-27,10680.301115735976,7.729804177915283,75.46253566027221,1990.6064855735679,154.36836570169876
2026-06-28,8103.014750143066,8.6415686206579,74.45484181141076,2005.5797990314334,81.41327230928704
2026-06-29,12580.253749884429,4.728355499872711,,3946.0580991938837,111.49956339634984
2026-06-30,9438.50102164751,6.403104744529523,64.92221765046999,2260.481579324983,114.04309773795171
2026-07-01,7214.263665375576,7.77707212718054,70.1915032766394,2576.09174907725,49.5162005013823
2026-07-02,6893.661252908331,6.996954613957008,70.49383683710755,2343.9753653447715,77.95767066436613
2026-07-03,9223.708622864779,7.571145873371309,,2651.9911339966493,73.52180619870914
2026-07-04,8164.805822011223,6.59601481328418,67.04704467613048,1966.6172225906241,24.191473365130367
2026-07-05,9571.000741138138,,70.7902152577034,3045.7434981798488,23.87068222261684
2026-07-06,9209.856436860317,7.04432276460792,74.0789650971654,1962.2701526213157,153.07152698812376
2026-07-07,8390.75663101469,8.367782061659808,69.86609123156359,3720.8556187736676,63.69132959564999
2026-07-08,7229.809422897392,7.454420843301214,63.535663854494715,2360.9089965850394,102.89260259821047
2026-07-09,6227.729162971204,7.537602662075202,69.94089992898307,3096.0285950508255,67.79609177420369
2026-07-10,7830.227571899468,6.7881230338775325,78.73631749859771,3912.1898101475,170.5086792184545
2026-07-11,9784.59819148521,6.712393775927507,57.7348470058894,3362.105685713266,61.4874814185238
2026-07-12,8821.140616195305,6.76744181218038,69.32969674146877,3079.0986877232044,88.74509003822962
2026-07-13,6631.391831932018,7.594452142378297,60.99879185060827,2578.401007476901,159.6368400775363
2026-07-14,8759.771388776773,,79.95046628924842,,154.7093706866894
2026-07-15,9077.976069593255,7.489774856896413,52.76813095216225,3406.7686924756563,49.776226855404374
2026-07-16,7174.2138456983,9.275400798645439,62.410781527284115,4185.934466930802,148.42292956731367
2026-07-17,8730.587658918292,8.071124703431693,71.7721187506452,3388.4140556385087,93.30990187806282
2026-07-18,8587.313077669,6.873976467832159,83.65524029234341,3138.6802016880597,97.27501953365683
2026-07-19,6785.544553254065,8.401213922163945,67.34249738927012,3553.5612245741904,
2026-07-20,9036.681040522424,6.791924626978449,,2916.4934694809235,32.89624220113994
2026-07-21,9341.176789552352,5.161875464822146,86.8115706944059,1944.3416222418846,
2026-07-22,10124.576864762916,6.191913689082596,53.51986099583756,3149.512358106984,99.43378437684797
2026-07-23,10080.703078052355,5.329208078974144,48.0,4098.300682812913,89.89611241842873
2026-07-24,6433.495948064363,6.848486515958691,72.40014450053333,2220.7270616583833,136.7213165843835
2026-07-25,7093.262440127316,7.2184183791895515,62.97945775647389,3456.0117379695976,142.48206383857757
2026-07-26,9272.552900812989,8.876437312275282,57.787671828692865,2282.2408527817356,45.42530682709657
2026-07-27,,7.526927373764162,75.08356447299353,3085.986442735395,117.6360239164226
2026-07-28,9272.571529459072,6.980899471191136,70.43800713771199,2032.023479152127,41.656653164429684
2026-07-29,14279.09723598208,,62.359213692632714,2880.8902470196444,140.22001376464732
2026-07-30,9356.33576603975,4.988864690992115,55.19695601329106,3614.7919893485905,125.11282500274233
2026-07-31,10203.348460270898,7.435614558108566,76.72457328280144,2634.1716581735573,173.05833937335328
2026-08-01,9931.002645239803,7.970865193886967,74.50201177958661,3395.7881387693233,31.03328261702739
2026-08-02,9477.086876958698,5.721413754220158,67.00824136220618,3709.07990589535,29.12875538420069
2026-08-03,8027.096133039481,8.343754043206928,86.46636996047665,4025.2267667506862,65.14993195091202
2026-08-04,9638.453830739902,7.5384964074944145,57.29915233673847,2363.1409964530885,61.872909397744955
2026-08-05,7340.762178193642,6.784712086099199,52.74474829075261,2758.3581979423398,59.51660785151997
2026-08-06,8144.772089889987,7.832781866106285,61.080919301187556,2165.798431993002,165.00073288336586
2026-08-07,7771.954678256345,9.470692857804396,67.54413983644503,4181.960405180101,59.927391975920976
2026-08-08,8622.811209079484,7.381866255058496,70.43339449322691,4024.802323018309,63.51195618058096
2026-08-09,11971.987850010264,7.448220586300336,65.5876394214367,3095.897112673343,141.5037219868742
2026-08-10,5699.102211112378,,71.52055396514297,3820.879906503411,91.9583747920864
2026-08-11,9529.39028556177,6.350155630535208,55.48460575809556,3050.299145452901,144.273689112829
2026-08-12,6080.926193215522,8.030335816544246,82.4376460407326,3296.6056512066234,30.45858521030164
2026-08-13,7792.10220131585,6.343916174091133,67.17848821607431,2013.8986370784398,
2026-08-14,10133.42589545105,7.2715662372193925,79.17295831588127,3612.649009192339,25.37817602932522
2026-08-15,8596.420028643193,6.722342553234883,71.42725346377703,2106.5123607245637,30.024512552856724
2026-08-16,6883.382833106041,7.678979825746392,72.56753219153784,3782.562312606068,165.02999253510575
2026-08-17,7427.044436110047,7.533662105286949,73.69767280232205,3676.867410408926,42.279259378815226
2026-08-18,9519.396623402014,8.2375399442579,72.47708560017315,3500.9872745831435,105.18730916403473
2026-08-19,7404.450052424295,6.689983601145253,74.42722759867544,1886.784913259429,85.77529641611305
2026-08-20,8824.687884372963,6.930125064706629,,2527.508054268789,75.57493220141482
2026-08-21,8568.35775985572,6.221236284217693,69.9652116970147,2431.470167786023,163.9733353099636
2026-08-22,7522.599478591274,6.755706739923888,75.09003757588512,2664.327377931646,23.49174348407832
2026-08-23,11715.916133987988,7.577300493044852,67.10264305712774,2010.3425922332126,126.20634978809426
2026-08-24,9450.878533477016,7.9569886166453525,82.40117215449473,4048.698775274551,174.14310947416806
2026-08-25,5462.286120013589,6.277834675822374,61.2360769794073,3129.125377709703,109.62690935389472
2026-08-26,8779.681472154141,8.06960592010566,86.00940432910815,2533.2583455792565,
2026-08-27,7507.320302847418,8.555637858804952,67.59842049355656,2752.75564097828,28.361260685763803
2026-08-28,9778.650002194336,7.613434903223701,53.69224897881952,2873.2860972116055,87.00693105186582
2026-08-29,7311.218892350949,9.076795812558066,69.2810441491079,3241.426400065481,61.625246553928186
2026-08-30,8327.895337799651,6.426210800896428,61.18948342525119,3037.630626471595,136.93135439691676
2026-08-31,9257.480918470686,5.955345296688583,76.40643548988724,4006.540735714602,177.00753447955947
2026-09-01,9798.632791255182,5.421279751095722,61.47376020697609,2992.7123589739927,61.044809991079646
2026-09-02,6699.555389416336,8.696044311489183,63.538165667852205,4181.17923557595,124.66793623585191
2026-09-03,7998.248146238578,7.854365656354058,49.10459269054469,,51.69562124155842
2026-09-04,7787.582033258565,7.144415329089545,63.47693680750923,2300.425234457606,110.45284073145758
2026-09-05,7520.006151139432,7.47996862631982,48.0,4033.428515145399,
2026-09-06,11148.181360421646,6.0745109527016234,52.16097176514277,2079.279354925143,175.52085274104593
2026-09-07,,9.5,75.60414656144297,3761.8793003788596,117.36436363143466
2026-09-08,6608.674068497432,7.329221181975227,75.85800158650832,2713.495904343792,75.92101953389101
2026-09-09,9876.792920582164,7.309394794604893,72.25457561784965,3907.138369068167,
2026-09-10,11683.234295518949,7.925766623898692,58.33023856870787,3883.336056257881,44.199492597589526
2026-09-11,10048.697890826721,7.681009231736714,67.5228864385802,3734.2209602822904,
2026-09-12,6220.94505106898,7.423884024279132,67.96397460909432,3696.073047136947,
2026-09-13,7773.648890700623,6.409525544554688,56.416353108074574,2531.2299338352977,156.09856925458206
2026-09-14,10400.366723779935,7.671468357135996,83.0339830176715,1994.2062793230052,109.79564612520399
2026-09-15,7438.495801571829,9.082024496475034,76.77362290575671,2767.1524290363877,103.74254581989862
2026-09-16,9165.729142219343,8.545420046154979,65.79035826170336,,38.363019499074795
2026-09-17,9661.951080144005,8.793186626639397,68.26885838994531,3467.882613365908,157.6223509359096
2026-09-18,7109.6042926328755,6.688784323568815,,2630.6393436906856,135.6502885133574
2026-09-19,8410.7119659073,6.210395179741419,48.0,4141.464482063796,30.826937904000253
2026-09-20,3638.098989896391,7.074213079900352,65.52822617479403,3338.332985628797,133.25361555676298
2026-09-21,6963.418537998565,7.255724912288695,61.180157520022014,3773.953352722466,106.96611477482337
2026-09-22,8121.14777291026,8.29419151847095,57.983799901050844,2118.059214580436,33.076055319484524
2026-09-23,6628.3252270527255,5.507535370285181,65.18899707114045,3868.834757454294,93.32810264458503
2026-09-24,10948.616955897452,8.729550319460614,85.97686526849523,4014.6172572321466,97.55140594080751
2026-09-25,6354.787933059051,,74.4084286126701,2968.948605165446,46.52392642612412
2026-09-26,7839.933269954525,6.77311893005258,62.28821010217203,3255.0070506023458,171.31170352004517
2026-09-27,8696.110865929137,6.1878956247398325,73.72582781356158,3635.543522167189,155.9960594369059
2026-09-28,10661.909933599174,5.54514332813423,,2219.61270542499,127.04357397265733
2026-09-29,6346.206773230841,8.023170583961914,77.24633682912769,3006.158583512262,93.96728976009715
2026-09-30,10244.74562823244,7.2733179671884045,68.59630369920174,2756.7912666535512,85.88248665352137
2026-10-01,8515.34959152938,5.910039100258946,61.53063222294426,2151.297581189398,124.15575474415266
2026-10-02,7027.737023428073,5.904921227936384,74.9822331361359,,
2026-10-03,9193.155211394906,6.864215300709872,71.9348538542175,1963.6135425251846,29.9636969411017
2026-10-04,8798.589543360205,8.869021525289392,76.95193220027733,1861.9485766787689,102.00042380325307
2026-10-05,7599.674684261808,6.940408648636396,74.35171801681969,2124.3990939715745,149.02457875725432
2026-10-06,8604.703127485029,5.6968570468818935,78.49552715319335,4111.476267814018,93.47838041551329
2026-10-07,7922.02960470736,6.954256935914056,62.64764788439432,3118.870886148041,28.313052408682946
2026-10-08,8670.276017876871,6.92727643025233,81.17394065634326,4117.973186767727,145.8045119014453
2026-10-09,9493.19601178157,4.503113357058428,69.975996046924,2837.9949079923167,52.2182051417559
2026-10-10,10879.025224218029,7.145705133482188,88.75260872625265,2548.358719404623,61.379333582086204
2026-10-11,6643.276751759727,6.969065469791322,,3014.740470816586,46.35301654916734
2026-10-12,11699.5500619844,7.896206364813419,85.3596380316525,2854.8280527189845,72.8344103794396
2026-10-13,5571.868300716247,9.048956094945346,69.97910783462648,2053.5952422281853,141.0802409101816
2026-10-14,8272.322357446625,8.326565029547758,61.48581996385552,3337.9831552564947,103.10173752062997
2026-10-15,9382.475809726864,6.9311113094451695,,2318.491638023039,52.78100386411401
2026-10-16,8921.487801602549,6.093474091258329,64.7965269180568,3287.011091754791,160.45281250432654
2026-10-17,7565.950720269109,9.5,72.24165946401916,3360.4826217555683,160.73309679224468
2026-10-18,8187.816624464087,7.259218434014488,,2164.8596475087556,159.29254800736112
2026-10-19,,7.2139292919129465,62.26299996061421,1947.2391050656036,
2026-10-20,7615.952864583683,,67.75645407739017,3673.8278065642553,92.19829506895809
2026-10-21,9774.403145531536,7.398084760767855,89.42270358611864,2903.5210170463683,177.59834498254003
2026-10-22,9035.523228947572,7.055639588076057,85.27543170100711,1939.5931092131418,143.52199620959846
2026-10-23,7460.635607109019,6.626337993119764,72.36323669674032,4187.679161207441,24.34678739608957
2026-10-24,9849.399813149876,6.6531410587596085,68.380034781682,,30.432734601678728
2026-10-25,8960.949281314914,7.167246729784002,69.20031326718261,3468.0845492605276,94.22902028997325
2026-10-26,9719.29317825844,6.656575228866235,74.13517972730416,4160.8294206321925,165.47523293784963
2026-10-27,9444.44326288542,6.487154217322836,57.77207434801595,2374.0322501182213,106.19228767243428
2026-10-28,7256.5074836168915,7.306430227691897,65.42623462576655,2141.398484849271,99.65000128548644
2026-10-29,7659.728439704546,6.945022782579145,51.314159261224106,2091.323854613829,36.87579199306089
2026-10-30,9620.940407684893,8.703992988582689,71.9922312260528,2527.860354162229,125.08481675588705
2026-10-31,9415.555398150198,4.549030191606988,74.4719593970274,2042.509946425552,151.53650569603607
2026-11-01,8468.647609053778,8.291506851922462,63.16813537700626,3461.1872200659163,80.86720120120998
2026-11-02,8675.991074963173,8.446085192497629,83.73986763290033,1949.5003155121503,144.0978961480524
2026-11-03,10416.497343682637,5.126609767591851,55.74234336997659,3022.6131075594953,174.31626462412987
2026-11-04,7612.642916746255,6.857312405919651,53.3562511979018,4192.0724492471445,52.602633460430255
2026-11-05,9320.646071755056,6.828559134004209,70.24451818559972,3753.528646814445,103.73274099115861
2026-11-06,8196.71102134916,5.792488305282179,78.47098302612154,3276.526651754426,65.94207329353209
2026-11-07,8173.478195159169,6.422183312409125,84.83927691457869,2535.008689887868,146.85670704541428
2026-11-08,10148.165277980785,6.089424154534171,63.4111573713106,3297.3500070999326,
2026-11-09,9738.124523482045,8.952270443423624,78.78680833431295,3064.899513387964,121.5331868080486
2026-11-10,9720.264454000957,8.135678393147462,67.61491530499293,2822.600121336892,147.66626553854306
2026-11-11,10458.218210731493,8.471555094994159,66.2737270005918,2113.7049041764785,83.35527562599279
2026-11-12,8531.505762449138,7.921672064043236,76.83659937486672,3927.85011657712,166.41441094512692
2026-11-13,9522.929456942446,6.070948228782771,74.52322878413419,2879.483157171174,105.2846187593824
2026-11-14,8034.599865109816,6.675479733720227,52.236078430157505,2267.094028369836,45.27277165365568
2026-11-15,8986.249528732664,7.689374561227918,82.76540349725896,2682.622442105495,131.34385890700838
2026-11-16,8304.785418448473,5.977872191108055,81.80091354147451,,146.9218160701207
2026-11-17,8645.493947489078,7.912998430172388,61.74437298490471,3786.0909493604986,70.68186833080426
2026-11-18,9392.73553815537,6.959674601841865,71.95803533437409,3560.674513347365,157.14868111980047
2026-11-19,7272.668975149792,6.825179192450403,72.94030186282738,3646.3317447392155,164.9829207625226
2026-11-20,11638.58091352819,7.910959968203492,70.60673765823907,1826.4750346287533,64.30471798044942
2026-11-21,6990.973927750447,7.64426331148604,62.4969484615458,2798.7695956314274,177.36343563443552
2026-11-22,6678.717080818402,6.8390338341809205,61.283766320619485,,42.51384448780135
2026-11-23,,8.359329803364249,67.74445929008554,1846.061464375336,52.3225069443984
2026-11-24,9687.494040944404,6.118936672400103,79.72729019259364,2423.5517009880823,49.47597427808418
2026-11-25,9436.179725578233,7.815935606944264,73.43600154594432,3624.695575493124,163.03835360125927
2026-11-26,9442.51826389642,7.793101257968384,64.29385667913894,2129.0632937495975,124.68680837199389
2026-11-27,8481.629840729627,,75.71698710648344,3084.74431548622,44.336685315563656
2026-11-28,7154.118442771252,7.526133022242118,48.0,2316.48449284137,90.45174693893584
2026-11-29,8613.706837290589,,79.48765700372104,1829.0898591453438,118.44768401116832
2026-11-30,7484.2574327318325,8.1240270192069,50.60286221221901,2378.8834982388994,33.35425359830133
2026-12-01,9962.679600126627,7.015097863557012,64.37559058596868,4142.097011784129,161.1866189451742
2026-12-02,8279.413927746791,6.67727697948096,56.803301053738565,3723.6890685191747,148.57656567064564
2026-12-03,7261.754204811233,8.24900922583689,55.053185242790946,4102.98394637048,100.83308377226211
2026-12-04,8017.92123752051,6.495656309457241,79.6082678737852,,174.74025844146726
2026-12-05,,5.791538703636441,63.32298798688109,2063.3668768260086,86.84175668401595
2026-12-06,7654.413170794038,5.6433708264760964,71.46503881730716,3115.1027735368634,177.45765104583964
2026-12-07,7266.669406650353,7.80600995134564,67.53079421120816,2890.505602943906,126.86719980858032
2026-12-08,8865.530817237868,5.919570647503717,72.77040827223121,3826.4569985750786,121.54740372063063
2026-12-09,8867.449856663085,8.954794181984365,68.76821891060256,2035.3981938821871,46.5527832473256
2026-12-10,7739.585236943305,5.118070592116278,55.1700777581143,2971.7787288522677,161.10844132874303
2026-12-11,7793.442541572516,8.896456368290039,77.9626681944714,2160.1167952655624,88.39835006729842
2026-12-12,8848.074906036454,7.411017467202619,63.06243416838687,2579.222224536144,45.95734492519669
2026-12-13,6327.873487754014,7.103286888129608,52.434181013402494,3569.6569857307195,22.017203196121446
2026-12-14,6388.804338435168,6.655080913191051,63.718848390340874,2942.44351048504,109.5609093821412
2026-12-15,7422.333668121346,7.599136114352071,83.00759790634311,2702.1318843498466,104.38393953962822
2026-12-16,8179.829272432229,7.1623652975751515,76.50221742113493,2746.7430685680847,135.09657957906538
2026-12-17,8966.361348397008,8.303301882016521,64.5134786559214,2902.6722441743677,162.44128848284834
2026-12-18,10713.034325424327,7.3142276486620394,64.50742295681572,3684.0397052089365,32.70505354288473
2026-12-19,9786.489434803028,7.3503017614618775,,3941.0032534565626,137.03943845445798
2026-12-20,,6.836387787786144,88.76747983560841,4092.8032476094277,49.98591105561316
2026-12-21,8471.475688145967,7.143054376278933,71.81935452231554,3688.568127012708,157.30832850514622
2026-12-22,6996.205953043287,7.507801768892059,72.3004164719107,2556.9765497952303,151.05016221786497
2026-12-23,8472.230296011416,5.489831607343374,78.30283454031843,3451.5232946077012,106.5270007976871
2026-12-24,,5.851814577894287,70.38789159026514,2850.2474977329407,133.63884777972984
2026-12-25,8984.077840507134,7.943264094022715,65.40957854179297,2411.209492910523,70.29601810939974
2026-12-26,7259.153584671516,7.370865438127942,66.03650150915021,,95.38686382925034
2026-12-27,9279.019771361758,7.016016663647321,67.28398740585936,1892.22323750958,151.46190363367546
2026-12-28,10799.108369503867,7.218433933065393,,3964.2287811250167,93.48243154771423
2026-12-29,8336.859777314714,7.547581705361671,75.2762954363698,2907.545915099362,77.24772245207069
2026-12-30,9102.567583148411,6.660240319690638,68.519458858073,3329.283544339873,99.07399156004799
2026-12-31,9535.21598756667,6.421695274597687,75.3264007721558,3382.4494132938785,152.51988038995495
